{
  "employees": [
    {
      "id": 1,
      "nik": "EM00001",
      "name": "John",
      "division": "HRD",
      "position": "Staff",
      "type": "PROMOTION",
      "lastposition": "Staff",
      "createddate": "2020-08-11T12:26:06.535+07:00"
    },
    {
      "nik": "EM00002",
      "name": "Matt",
      "division": "IT",
      "position": "Asisten Manager",
      "type": "PROMOTION",
      "lastposition": "Supervisor",
      "createddate": "2020-08-11T12:26:06.535+07:00",
      "id": 2
    },
    {
      "nik": "EM00003",
      "name": "Doe",
      "division": "Loading",
      "position": "Supervisor",
      "type": "PROMOTION",
      "lastposition": "Staff",
      "createddate": "2020-08-13T00:17:43.107+07:00",
      "id": 3
    },
    {
      "nik": "EM00004",
      "name": "Smith",
      "division": "Ticketing",
      "position": "Manager",
      "type": "PROMOTION",
      "lastposition": "Manager",
      "createddate": "2020-08-13T00:19:13.764+07:00",
      "id": 4
    }
  ]
}